{"cameraMode":{"drawMode":0,"name":"Shaded","section":"Shading Mode"},"sceneLighting":true,"audioPlay":false,"sceneViewState":{"m_AlwaysRefresh":false,"showFog":true,"showSkybox":true,"showFlares":true,"showImageEffects":true,"showParticleSystems":true,"showVisualEffectGraphs":true,"m_FxEnabled":true},"in2DMode":false,"pivot":{"x":-15.370100021362305,"y":30.341445922851564,"z":14.131546020507813},"rotation":{"x":-0.09378788620233536,"y":0.9062195420265198,"z":-0.2907875180244446,"w":-0.2922872006893158},"size":39.646915435791019,"orthographic":true}